Step,LJ_Potential,Kinetic_Energy,Total_Energy
0,-0.034904,0.000000,-0.034904
1,-0.034949,0.000045,-0.034904
2,-0.035084,0.000180,-0.034904
3,-0.035310,0.000407,-0.034904
4,-0.035633,0.000729,-0.034903
5,-0.036055,0.001152,-0.034903
6,-0.036584,0.001682,-0.034902
7,-0.037228,0.002327,-0.034902
8,-0.037998,0.003098,-0.034901
9,-0.038908,0.004008,-0.034900
10,-0.039973,0.005074,-0.034899
11,-0.041213,0.006316,-0.034897
12,-0.042655,0.007760,-0.034895
13,-0.044327,0.009434,-0.034893
14,-0.046267,0.011377,-0.034890
15,-0.048517,0.013630,-0.034887
16,-0.051129,0.016246,-0.034883
17,-0.054159,0.019279,-0.034880
18,-0.057662,0.022784,-0.034878
19,-0.061677,0.026797,-0.034880
20,-0.066189,0.031297,-0.034892
21,-0.071050,0.036124,-0.034926
22,-0.075814,0.040809,-0.035005
23,-0.079437,0.044273,-0.035163
24,-0.079894,0.044479,-0.035415
25,-0.074312,0.038697,-0.035616
26,-0.061599,0.026306,-0.035293
27,-0.048661,0.014294,-0.034367
28,-0.048927,0.014630,-0.034298
29,-0.063332,0.028122,-0.035211
30,-0.078831,0.043240,-0.035592
31,-0.087751,0.052347,-0.035405
32,-0.090859,0.055720,-0.035139
33,-0.091123,0.056160,-0.034963
34,-0.090752,0.055881,-0.034871
35,-0.090948,0.056118,-0.034830
36,-0.092244,0.057419,-0.034824
37,-0.094711,0.059851,-0.034860
38,-0.097872,0.062894,-0.034978
39,-0.100168,0.064898,-0.035270
40,-0.097859,0.062015,-0.035844
41,-0.084340,0.047915,-0.036426
42,-0.056320,0.020861,-0.035459
43,-0.033867,0.000720,-0.033148
44,-0.047231,0.012590,-0.034641
45,-0.077796,0.041409,-0.036386
46,-0.096807,0.060748,-0.036059
47,-0.102624,0.067216,-0.035408
48,-0.102151,0.067114,-0.035036
49,-0.100057,0.065176,-0.034881
50,-0.098378,0.063537,-0.034841
51,-0.097649,0.062776,-0.034873
52,-0.097452,0.062467,-0.034985
53,-0.096340,0.061126,-0.035214
54,-0.091460,0.055898,-0.035562
55,-0.079083,0.043339,-0.035744
56,-0.059423,0.024376,-0.035047
57,-0.045009,0.011047,-0.033962
58,-0.050593,0.016008,-0.034586
59,-0.067960,0.032310,-0.035650
60,-0.080595,0.044879,-0.035717
61,-0.084366,0.048986,-0.035380
62,-0.082363,0.047254,-0.035109
63,-0.077861,0.042896,-0.034965
64,-0.072727,0.037826,-0.034901
65,-0.067805,0.032928,-0.034877
66,-0.063407,0.028536,-0.034871
67,-0.059604,0.024732,-0.034872
68,-0.056371,0.021496,-0.034875
69,-0.053652,0.018773,-0.034879
70,-0.051385,0.016502,-0.034882
71,-0.049515,0.014630,-0.034885
72,-0.047997,0.013110,-0.034888
73,-0.046796,0.011907,-0.034890
74,-0.045886,0.010995,-0.034891
75,-0.045250,0.010358,-0.034892
76,-0.044879,0.009988,-0.034892
77,-0.044774,0.009883,-0.034891
78,-0.044942,0.010051,-0.034890
79,-0.045397,0.010508,-0.034889
80,-0.046166,0.011279,-0.034887
81,-0.047280,0.012396,-0.034884
82,-0.048784,0.013903,-0.034881
83,-0.050731,0.015854,-0.034877
84,-0.053178,0.018304,-0.034874
85,-0.056181,0.021307,-0.034874
86,-0.059764,0.024885,-0.034879
87,-0.063867,0.028968,-0.034900
88,-0.068223,0.033269,-0.034954
89,-0.072106,0.037030,-0.035076
90,-0.073923,0.038619,-0.035304
91,-0.070860,0.035258,-0.035602
92,-0.059964,0.024340,-0.035624
93,-0.043501,0.008683,-0.034818
94,-0.034600,0.000536,-0.034064
95,-0.043399,0.008576,-0.034823
96,-0.059694,0.024067,-0.035626
97,-0.070377,0.034774,-0.035603
98,-0.073209,0.037904,-0.035305
99,-0.071149,0.036071,-0.035077
100,-0.067003,0.032047,-0.034956
101,-0.062362,0.027460,-0.034902
102,-0.057946,0.023064,-0.034882
103,-0.054022,0.019145,-0.034877
104,-0.050646,0.015768,-0.034878
105,-0.047791,0.012910,-0.034881
106,-0.045400,0.010515,-0.034885
107,-0.043409,0.008520,-0.034889
108,-0.041760,0.006868,-0.034892
109,-0.040405,0.005510,-0.034894
110,-0.039301,0.004405,-0.034897
111,-0.038415,0.003517,-0.034898
112,-0.037719,0.002819,-0.034900
113,-0.037191,0.002290,-0.034901
114,-0.036814,0.001913,-0.034902
115,-0.036575,0.001672,-0.034902
116,-0.036462,0.001559,-0.034903
117,-0.036469,0.001566,-0.034903
118,-0.036590,0.001687,-0.034903
119,-0.036822,0.001919,-0.034903
120,-0.037164,0.002261,-0.034903
121,-0.037617,0.002714,-0.034903
122,-0.038182,0.003279,-0.034903
123,-0.038864,0.003962,-0.034902
124,-0.039669,0.004767,-0.034902
125,-0.040605,0.005704,-0.034901
126,-0.041681,0.006780,-0.034901
127,-0.042910,0.008010,-0.034900
128,-0.044306,0.009408,-0.034898
129,-0.045888,0.010991,-0.034897
130,-0.047677,0.012781,-0.034895
131,-0.049698,0.014804,-0.034894
132,-0.051982,0.017090,-0.034891
133,-0.054563,0.019674,-0.034889
134,-0.057482,0.022596,-0.034886
135,-0.060785,0.025902,-0.034883
136,-0.064519,0.029639,-0.034880
137,-0.068732,0.033854,-0.034878
138,-0.073456,0.038577,-0.034880
139,-0.078686,0.043799,-0.034887
140,-0.084330,0.049422,-0.034908
141,-0.090118,0.055164,-0.034954
142,-0.095450,0.060408,-0.035042
143,-0.099215,0.064037,-0.035178
144,-0.099819,0.064508,-0.035311
145,-0.096164,0.060913,-0.035252
146,-0.090383,0.055575,-0.034809
147,-0.089653,0.055266,-0.034387
148,-0.099909,0.065234,-0.034675
149,-0.117122,0.081774,-0.035348
150,-0.131098,0.095024,-0.036074
151,-0.130593,0.093261,-0.037333
152,-0.100823,0.062612,-0.038212
153,-0.045898,0.012684,-0.033214
154,-0.041505,0.009047,-0.032458
155,-0.095932,0.057828,-0.038105
156,-0.128919,0.091296,-0.037623
157,-0.129577,0.093239,-0.036339
158,-0.112848,0.077430,-0.035418
159,-0.093397,0.058964,-0.034433
160,-0.085708,0.051428,-0.034280
161,-0.091920,0.056851,-0.035069
162,-0.100813,0.065319,-0.035494
163,-0.104478,0.069090,-0.035389
164,-0.102659,0.067494,-0.035165
165,-0.097699,0.062693,-0.035006
166,-0.091549,0.056627,-0.034922
167,-0.085297,0.050414,-0.034883
168,-0.079442,0.044574,-0.034868
169,-0.074166,0.039301,-0.034865
170,-0.069502,0.034636,-0.034866
171,-0.065419,0.030550,-0.034869
172,-0.061864,0.026991,-0.034873
173,-0.058781,0.023905,-0.034876
174,-0.056119,0.021239,-0.034879
175,-0.053832,0.018950,-0.034882
176,-0.051885,0.017001,-0.034884
177,-0.050248,0.015363,-0.034885
178,-0.048901,0.014014,-0.034886
179,-0.047827,0.012940,-0.034887
180,-0.047020,0.012132,-0.034887
181,-0.046476,0.011588,-0.034887
182,-0.046199,0.011313,-0.034887
183,-0.046202,0.011316,-0.034886
184,-0.046501,0.011617,-0.034884
185,-0.047122,0.012240,-0.034882
186,-0.048098,0.013218,-0.034880
187,-0.049471,0.014594,-0.034877
188,-0.051289,0.016415,-0.034874
189,-0.053602,0.018730,-0.034872
190,-0.056451,0.021578,-0.034873
191,-0.059836,0.024955,-0.034881
192,-0.063661,0.028755,-0.034905
193,-0.067602,0.032639,-0.034963
194,-0.070883,0.035799,-0.035084
195,-0.071933,0.036643,-0.035290
196,-0.068267,0.032753,-0.035515
197,-0.057882,0.022447,-0.035435
198,-0.043966,0.009247,-0.034719
199,-0.037749,0.003523,-0.034226
200,-0.045900,0.011027,-0.034872
201,-0.059553,0.024059,-0.035494
202,-0.068469,0.032982,-0.035487
203,-0.070780,0.035529,-0.035252
204,-0.068808,0.033747,-0.035061
205,-0.064908,0.029955,-0.034954
206,-0.060491,0.025588,-0.034903
207,-0.056234,0.021351,-0.034883
208,-0.052408,0.017531,-0.034876
209,-0.049087,0.014210,-0.034877
210,-0.046259,0.011380,-0.034879
211,-0.043881,0.008999,-0.034882
212,-0.041902,0.007017,-0.034885
213,-0.040274,0.005386,-0.034888
214,-0.038954,0.004064,-0.034890
215,-0.037909,0.003018,-0.034891
216,-0.037113,0.002221,-0.034893
217,-0.036547,0.001653,-0.034893
218,-0.036197,0.001303,-0.034894
219,-0.036058,0.001164,-0.034894
220,-0.036128,0.001234,-0.034894
221,-0.036411,0.001519,-0.034893
222,-0.036920,0.002028,-0.034892
223,-0.037671,0.002781,-0.034890
224,-0.038688,0.003800,-0.034888
225,-0.040002,0.005116,-0.034886
226,-0.041653,0.006770,-0.034883
227,-0.043688,0.008809,-0.034880
228,-0.046160,0.011284,-0.034877
229,-0.049121,0.014246,-0.034875
230,-0.052606,0.017729,-0.034877
231,-0.056596,0.021707,-0.034889
232,-0.060939,0.026017,-0.034922
233,-0.065192,0.030194,-0.034998
234,-0.068334,0.033185,-0.035150
235,-0.068417,0.033030,-0.035387
236,-0.062715,0.027143,-0.035572
237,-0.050193,0.014917,-0.035276
238,-0.037181,0.002757,-0.034425
239,-0.036086,0.001754,-0.034333
240,-0.048134,0.012957,-0.035177
241,-0.061279,0.025707,-0.035572
242,-0.067900,0.032478,-0.035422
243,-0.068389,0.033211,-0.035178
244,-0.065472,0.030457,-0.035014
245,-0.061236,0.026306,-0.034930
246,-0.056809,0.021917,-0.034892
247,-0.052694,0.017816,-0.034878
248,-0.049072,0.014197,-0.034875
249,-0.045975,0.011098,-0.034877
250,-0.043371,0.008491,-0.034880
251,-0.041210,0.006328,-0.034883
252,-0.039441,0.004555,-0.034886
253,-0.038016,0.003128,-0.034888
254,-0.036895,0.002004,-0.034890
255,-0.036046,0.001154,-0.034892
256,-0.035447,0.000554,-0.034893
257,-0.035079,0.000186,-0.034893
258,-0.034934,0.000041,-0.034894
259,-0.035007,0.000114,-0.034893
260,-0.035301,0.000408,-0.034893
261,-0.035824,0.000932,-0.034892
262,-0.036592,0.001701,-0.034891
263,-0.037625,0.002736,-0.034889
264,-0.038954,0.004067,-0.034886
265,-0.040616,0.005732,-0.034884
266,-0.042657,0.007777,-0.034880
267,-0.045129,0.010251,-0.034877
268,-0.048083,0.013208,-0.034875
269,-0.051559,0.016682,-0.034877
270,-0.055547,0.020661,-0.034887
271,-0.059920,0.025004,-0.034916
272,-0.064284,0.029299,-0.034985
273,-0.067711,0.032586,-0.035126
274,-0.068382,0.033027,-0.035355
275,-0.063597,0.028031,-0.035566
276,-0.051813,0.016454,-0.035358
277,-0.038161,0.003635,-0.034526
278,-0.035084,0.000820,-0.034263
279,-0.046088,0.011013,-0.035075
280,-0.059794,0.024229,-0.035565
281,-0.067378,0.031923,-0.035454
282,-0.068526,0.033321,-0.035206
283,-0.065928,0.030898,-0.035030
284,-0.061805,0.026868,-0.034937
285,-0.057395,0.022500,-0.034895
286,-0.053259,0.018380,-0.034879
287,-0.049608,0.014733,-0.034875
288,-0.046483,0.011607,-0.034876
289,-0.043860,0.008981,-0.034879
290,-0.041690,0.006807,-0.034882
291,-0.039918,0.005032,-0.034885
292,-0.038496,0.003608,-0.034888
293,-0.037383,0.002493,-0.034890
294,-0.036545,0.001654,-0.034891
295,-0.035959,0.001066,-0.034893
296,-0.035605,0.000712,-0.034893
297,-0.035472,0.000578,-0.034894
298,-0.035554,0.000660,-0.034894
299,-0.035852,0.000959,-0.034893
300,-0.036374,0.001481,-0.034892
301,-0.037131,0.002239,-0.034891
302,-0.038143,0.003253,-0.034889
303,-0.039437,0.004550,-0.034887
304,-0.041048,0.006163,-0.034885
305,-0.043019,0.008137,-0.034882
306,-0.045398,0.010520,-0.034878
307,-0.048238,0.013362,-0.034876
308,-0.051584,0.016708,-0.034876
309,-0.055443,0.020560,-0.034883
310,-0.059734,0.024829,-0.034905
311,-0.064164,0.029205,-0.034959
312,-0.068007,0.032934,-0.035073
313,-0.069763,0.034488,-0.035274
314,-0.066962,0.031449,-0.035513
315,-0.057335,0.021850,-0.035486
316,-0.043342,0.008541,-0.034801
317,-0.035996,0.001791,-0.034205
318,-0.043407,0.008612,-0.034795
319,-0.057550,0.022067,-0.035483
320,-0.067381,0.031868,-0.035513
321,-0.070395,0.035120,-0.035275
322,-0.068853,0.033780,-0.035073
323,-0.065228,0.030270,-0.034958
324,-0.061025,0.026122,-0.034903
325,-0.056974,0.022092,-0.034881
326,-0.053367,0.018492,-0.034875
327,-0.050286,0.015411,-0.034874
328,-0.047721,0.012845,-0.034877
329,-0.045629,0.010748,-0.034880
330,-0.043954,0.009071,-0.034883
331,-0.042646,0.007760,-0.034886
332,-0.041661,0.006773,-0.034888
333,-0.040962,0.006072,-0.034890
334,-0.040520,0.005628,-0.034891
335,-0.040311,0.005419,-0.034892
336,-0.040321,0.005428,-0.034893
337,-0.040537,0.005644,-0.034893
338,-0.040954,0.006060,-0.034893
339,-0.041570,0.006677,-0.034893
340,-0.042389,0.007496,-0.034893
341,-0.043417,0.008525,-0.034892
342,-0.044668,0.009777,-0.034891
343,-0.046159,0.011270,-0.034889
344,-0.047912,0.013025,-0.034888
345,-0.049956,0.015071,-0.034885
346,-0.052326,0.017443,-0.034883
347,-0.055059,0.020179,-0.034880
348,-0.058200,0.023322,-0.034878
349,-0.061786,0.026908,-0.034877
350,-0.065839,0.030959,-0.034880
351,-0.070334,0.035444,-0.034890
352,-0.075140,0.040223,-0.034916
353,-0.079906,0.044932,-0.034973
354,-0.083879,0.048798,-0.035080
355,-0.085693,0.050451,-0.035241
356,-0.083483,0.048105,-0.035377
357,-0.076301,0.041060,-0.035241
358,-0.067525,0.032836,-0.034689
359,-0.065679,0.031317,-0.034363
360,-0.075279,0.040481,-0.034797
361,-0.090272,0.055017,-0.035254
362,-0.103204,0.067916,-0.035287
363,-0.112154,0.077014,-0.035139
364,-0.118339,0.083278,-0.035061
365,-0.122526,0.087316,-0.035211
366,-0.122667,0.086877,-0.035791
367,-0.111559,0.074677,-0.036883
368,-0.078807,0.041971,-0.036835
369,-0.037885,0.005101,-0.032784
370,-0.044795,0.011131,-0.033664
371,-0.089322,0.052183,-0.037139
372,-0.118777,0.082096,-0.036681
373,-0.127837,0.092115,-0.035722
374,-0.126351,0.090965,-0.035386
375,-0.118655,0.083148,-0.035507
376,-0.103909,0.068218,-0.035690
377,-0.081961,0.046762,-0.035198
378,-0.062743,0.028682,-0.034062
379,-0.062202,0.027881,-0.034321
380,-0.076897,0.041424,-0.035474
381,-0.089831,0.054104,-0.035727
382,-0.094277,0.058845,-0.035432
383,-0.092425,0.057281,-0.035144
384,-0.087627,0.052647,-0.034980
385,-0.081973,0.047069,-0.034904
386,-0.076456,0.041582,-0.034874
387,-0.071465,0.036600,-0.034865
388,-0.067110,0.032245,-0.034864
389,-0.063383,0.028516,-0.034867
390,-0.060237,0.025366,-0.034871
391,-0.057614,0.022739,-0.034874
392,-0.055462,0.020585,-0.034877
393,-0.053740,0.018861,-0.034879
394,-0.052418,0.017537,-0.034881
395,-0.051475,0.016594,-0.034882
396,-0.050904,0.016022,-0.034882
397,-0.050707,0.015826,-0.034881
398,-0.050896,0.016016,-0.034880
399,-0.051496,0.016618,-0.034878
400,-0.052538,0.017662,-0.034876
401,-0.054065,0.019191,-0.034874
402,-0.056118,0.021246,-0.034872
403,-0.058732,0.023858,-0.034874
404,-0.061897,0.027014,-0.034883
405,-0.065503,0.030595,-0.034909
406,-0.069207,0.034238,-0.034969
407,-0.072200,0.037108,-0.035092
408,-0.072884,0.037586,-0.035298
409,-0.068805,0.033296,-0.035509
410,-0.058179,0.022782,-0.035397
411,-0.044589,0.009909,-0.034680
412,-0.039142,0.004887,-0.034256
413,-0.047579,0.012667,-0.034912
414,-0.060838,0.025349,-0.035490
415,-0.069275,0.033807,-0.035468
416,-0.071319,0.036080,-0.035239
417,-0.069258,0.034202,-0.035056
418,-0.065358,0.030405,-0.034954
419,-0.060973,0.026068,-0.034905
420,-0.056753,0.021868,-0.034885
421,-0.052960,0.018080,-0.034879
422,-0.049664,0.014784,-0.034879
423,-0.046855,0.011973,-0.034882
424,-0.044490,0.009605,-0.034885
425,-0.042520,0.007633,-0.034888
426,-0.040899,0.006009,-0.034890
427,-0.039585,0.004693,-0.034892
428,-0.038547,0.003654,-0.034894
429,-0.037760,0.002865,-0.034895
430,-0.037205,0.002309,-0.034896
431,-0.036870,0.001974,-0.034896
432,-0.036752,0.001856,-0.034896
433,-0.036850,0.001954,-0.034896
434,-0.037170,0.002275,-0.034895
435,-0.037726,0.002832,-0.034894
436,-0.038536,0.003644,-0.034892
437,-0.039628,0.004738,-0.034890
438,-0.041035,0.006148,-0.034887
439,-0.042800,0.007916,-0.034884
440,-0.044971,0.010090,-0.034881
441,-0.047602,0.012723,-0.034878
442,-0.050738,0.015860,-0.034878
443,-0.054397,0.019514,-0.034883
444,-0.058515,0.023613,-0.034902
445,-0.062843,0.027893,-0.034950
446,-0.066737,0.031684,-0.035053
447,-0.068838,0.033598,-0.035240
448,-0.066814,0.031332,-0.035482
449,-0.058194,0.022669,-0.035525
450,-0.044337,0.009399,-0.034938
451,-0.035145,0.000914,-0.034231
452,-0.040365,0.005700,-0.034665
453,-0.054152,0.018729,-0.035423
454,-0.064795,0.029258,-0.035537
455,-0.068558,0.033244,-0.035314
456,-0.067351,0.032250,-0.035100
457,-0.063737,0.028763,-0.034974
458,-0.059365,0.024452,-0.034913
459,-0.055056,0.020168,-0.034888
460,-0.051153,0.016274,-0.034879
461,-0.047762,0.012884,-0.034878
462,-0.044884,0.010004,-0.034880
463,-0.042480,0.007596,-0.034884
464,-0.040497,0.005610,-0.034887
465,-0.038886,0.003996,-0.034889
466,-0.037603,0.002712,-0.034892
467,-0.036614,0.001721,-0.034893
468,-0.035891,0.000997,-0.034894
469,-0.035414,0.000519,-0.034895
470,-0.035171,0.000275,-0.034896
471,-0.035155,0.000260,-0.034896
472,-0.035367,0.000472,-0.034895
473,-0.035813,0.000919,-0.034894
474,-0.036507,0.001614,-0.034893
475,-0.037470,0.002578,-0.034891
476,-0.038728,0.003839,-0.034889
477,-0.040319,0.005433,-0.034886
478,-0.042286,0.007403,-0.034883
479,-0.044680,0.009800,-0.034880
480,-0.047553,0.012675,-0.034878
481,-0.050943,0.016064,-0.034879
482,-0.054849,0.019961,-0.034888
483,-0.059157,0.024242,-0.034915
484,-0.063508,0.028530,-0.034978
485,-0.067049,0.031941,-0.035109
486,-0.068080,0.032753,-0.035327
487,-0.063993,0.028445,-0.035547
488,-0.052982,0.017577,-0.035405
489,-0.039201,0.004579,-0.034622
490,-0.034613,0.000374,-0.034239
491,-0.044359,0.009377,-0.034982
492,-0.058148,0.022609,-0.035539
493,-0.066400,0.030925,-0.035475
494,-0.068096,0.032866,-0.035230
495,-0.065783,0.030736,-0.035046
496,-0.061761,0.026814,-0.034947
497,-0.057351,0.022450,-0.034901
498,-0.053170,0.018287,-0.034883
499,-0.049456,0.014578,-0.034878
500,-0.046266,0.011388,-0.034879
501,-0.043582,0.008700,-0.034881
502,-0.041355,0.006470,-0.034885
503,-0.039534,0.004647,-0.034888
504,-0.038071,0.003181,-0.034890
505,-0.036926,0.002033,-0.034892
506,-0.036064,0.001171,-0.034894
507,-0.035462,0.000568,-0.034895
508,-0.035103,0.000207,-0.034895
509,-0.034975,0.000079,-0.034896
510,-0.035075,0.000179,-0.034895
511,-0.035405,0.000510,-0.034895
512,-0.035974,0.001080,-0.034894
513,-0.036798,0.001906,-0.034892
514,-0.037901,0.003010,-0.034891
515,-0.039312,0.004424,-0.034888
516,-0.041072,0.006186,-0.034885
517,-0.043226,0.008344,-0.034882
518,-0.045826,0.010947,-0.034879
519,-0.048921,0.014043,-0.034878
520,-0.052539,0.017657,-0.034881
521,-0.056642,0.021747,-0.034896
522,-0.061044,0.026109,-0.034934
523,-0.065225,0.030204,-0.035020
524,-0.068040,0.032855,-0.035185
525,-0.067394,0.031968,-0.035425
526,-0.060622,0.025060,-0.035562
527,-0.047530,0.012380,-0.035150
528,-0.035901,0.001572,-0.034329
529,-0.037400,0.002945,-0.034455
530,-0.050347,0.015061,-0.035286
531,-0.062562,0.026999,-0.035563
532,-0.068034,0.032656,-0.035378
533,-0.067851,0.032705,-0.035146
534,-0.064687,0.029689,-0.034998
535,-0.060446,0.025522,-0.034924
536,-0.056124,0.021232,-0.034891
537,-0.052156,0.017276,-0.034880
538,-0.048690,0.013813,-0.034878
539,-0.045747,0.010867,-0.034879
540,-0.043290,0.008408,-0.034883
541,-0.041270,0.006384,-0.034886
542,-0.039634,0.004746,-0.034889
543,-0.038338,0.003447,-0.034891
544,-0.037342,0.002449,-0.034893
545,-0.036616,0.001721,-0.034894
546,-0.036137,0.001242,-0.034895
547,-0.035891,0.000996,-0.034896
548,-0.035868,0.000972,-0.034896
549,-0.036065,0.001170,-0.034896
550,-0.036486,0.001591,-0.034895
551,-0.037140,0.002246,-0.034894
552,-0.038044,0.003151,-0.034893
553,-0.039220,0.004329,-0.034891
554,-0.040700,0.005812,-0.034888
555,-0.042523,0.007638,-0.034885
556,-0.044735,0.009853,-0.034882
557,-0.047387,0.012508,-0.034880
558,-0.050526,0.015647,-0.034879
559,-0.054175,0.019292,-0.034882
560,-0.058293,0.023395,-0.034898
561,-0.062680,0.027743,-0.034937
562,-0.066803,0.031778,-0.035025
563,-0.069495,0.034305,-0.035191
564,-0.068659,0.033233,-0.035426
565,-0.061718,0.026174,-0.035544
566,-0.048738,0.013626,-0.035113
567,-0.037682,0.003359,-0.034323
568,-0.039731,0.005243,-0.034488
569,-0.052677,0.017384,-0.035293
570,-0.064645,0.029099,-0.035546
571,-0.070001,0.034639,-0.035362
572,-0.069882,0.034745,-0.035137
573,-0.066892,0.031898,-0.034994
574,-0.062874,0.027953,-0.034922
575,-0.058796,0.023906,-0.034890
576,-0.055079,0.020201,-0.034879
577,-0.051869,0.016992,-0.034877
578,-0.049182,0.014303,-0.034878
579,-0.046983,0.012102,-0.034881
580,-0.045223,0.010339,-0.034884
581,-0.043849,0.008962,-0.034887
582,-0.042815,0.007925,-0.034890
583,-0.042081,0.007190,-0.034892
584,-0.041616,0.006723,-0.034893
585,-0.041396,0.006502,-0.034894
586,-0.041401,0.006506,-0.034895
587,-0.041618,0.006723,-0.034895
588,-0.042041,0.007145,-0.034896
589,-0.042665,0.007769,-0.034895
590,-0.043492,0.008597,-0.034895
591,-0.044527,0.009633,-0.034894
592,-0.045782,0.010888,-0.034893
593,-0.047270,0.012378,-0.034892
594,-0.049011,0.014120,-0.034891
595,-0.051030,0.016142,-0.034889
596,-0.053358,0.018472,-0.034886
597,-0.056030,0.021146,-0.034884
598,-0.059086,0.024205,-0.034882
599,-0.062565,0.027685,-0.034880
600,-0.066498,0.031618,-0.034880
601,-0.070890,0.036005,-0.034885
602,-0.075682,0.040781,-0.034900
603,-0.080677,0.045743,-0.034934
604,-0.085424,0.050422,-0.035003
605,-0.089032,0.053913,-0.035119
606,-0.090067,0.054803,-0.035264
607,-0.087006,0.051690,-0.035316
608,-0.080187,0.045145,-0.035043
609,-0.074656,0.040127,-0.034529
610,-0.077957,0.043488,-0.034469
611,-0.090941,0.056003,-0.034939
612,-0.106814,0.071562,-0.035252
613,-0.120011,0.084716,-0.035295
614,-0.128757,0.093334,-0.035423
615,-0.130779,0.094733,-0.036046
616,-0.118196,0.080876,-0.037320
617,-0.079408,0.042424,-0.036983
618,-0.035303,0.003421,-0.031882
619,-0.052706,0.018330,-0.034376
620,-0.102954,0.065216,-0.037737
621,-0.129584,0.092749,-0.036835
622,-0.132892,0.096909,-0.035983
623,-0.122447,0.086645,-0.035801
624,-0.102133,0.066614,-0.035519
625,-0.078948,0.044474,-0.034473
626,-0.068865,0.034856,-0.034009
627,-0.077977,0.042919,-0.035058
628,-0.091829,0.056126,-0.035702
629,-0.098796,0.063245,-0.035552
630,-0.098481,0.063238,-0.035244
631,-0.094139,0.059101,-0.035038
632,-0.088316,0.053382,-0.034934
633,-0.082354,0.047464,-0.034890
634,-0.076829,0.041955,-0.034874
635,-0.071938,0.037067,-0.034871
636,-0.067711,0.032838,-0.034873
637,-0.064111,0.029235,-0.034876
638,-0.061086,0.026206,-0.034880
639,-0.058579,0.023696,-0.034883
640,-0.056546,0.021661,-0.034886
641,-0.054953,0.020066,-0.034887
642,-0.053776,0.018887,-0.034888
643,-0.053003,0.018114,-0.034889
644,-0.052633,0.017745,-0.034889
645,-0.052677,0.017790,-0.034888
646,-0.053156,0.018270,-0.034886
647,-0.054097,0.019213,-0.034884
648,-0.055539,0.020657,-0.034882
649,-0.057516,0.022635,-0.034882
650,-0.060049,0.025164,-0.034885
651,-0.063106,0.028210,-0.034896
652,-0.066540,0.031613,-0.034927
653,-0.069944,0.034950,-0.034994
654,-0.072428,0.037306,-0.035122
655,-0.072345,0.037027,-0.035318
656,-0.067428,0.031952,-0.035476
657,-0.056673,0.021401,-0.035272
658,-0.044692,0.010099,-0.034593
659,-0.041655,0.007285,-0.034370
660,-0.050580,0.015569,-0.035011
661,-0.062445,0.026986,-0.035459
662,-0.069467,0.034059,-0.035408
663,-0.070800,0.035596,-0.035204
664,-0.068561,0.033515,-0.035045
665,-0.064737,0.029781,-0.034956
666,-0.060516,0.025603,-0.034913
667,-0.056476,0.021581,-0.034895
668,-0.052853,0.017963,-0.034890
669,-0.049714,0.014825,-0.034890
670,-0.047052,0.012160,-0.034892
671,-0.044829,0.009935,-0.034894
672,-0.043003,0.008107,-0.034897
673,-0.041533,0.006635,-0.034899
674,-0.040385,0.005485,-0.034901
675,-0.039532,0.004630,-0.034902
676,-0.038954,0.004051,-0.034902
677,-0.038640,0.003737,-0.034903
678,-0.038586,0.003684,-0.034903
679,-0.038795,0.003893,-0.034902
680,-0.039277,0.004376,-0.034901
681,-0.040049,0.005150,-0.034899
682,-0.041137,0.006240,-0.034897
683,-0.042574,0.007680,-0.034895
684,-0.044402,0.009510,-0.034892
685,-0.046665,0.011776,-0.034889
686,-0.049410,0.014522,-0.034888
687,-0.052663,0.017773,-0.034890
688,-0.056402,0.021501,-0.034901
689,-0.060484,0.025552,-0.034931
690,-0.064501,0.029502,-0.034999
691,-0.067545,0.032414,-0.035131
692,-0.067911,0.032575,-0.035336
693,-0.063214,0.027710,-0.035505
694,-0.052354,0.017061,-0.035293
695,-0.040170,0.005597,-0.034573
696,-0.037406,0.003054,-0.034352
697,-0.047038,0.011999,-0.035039
698,-0.059397,0.023906,-0.035491
699,-0.066525,0.031104,-0.035421
700,-0.067781,0.032575,-0.035206
701,-0.065443,0.030400,-0.035043
702,-0.061559,0.026606,-0.034953
703,-0.057324,0.022413,-0.034911
704,-0.053307,0.018413,-0.034894
705,-0.049736,0.014848,-0.034889
706,-0.046672,0.011783,-0.034889
707,-0.044101,0.009210,-0.034891
708,-0.041984,0.007090,-0.034894
709,-0.040276,0.005380,-0.034896
710,-0.038935,0.004037,-0.034899
711,-0.037927,0.003027,-0.034900
712,-0.037224,0.002323,-0.034901
713,-0.036808,0.001906,-0.034902
714,-0.036669,0.001767,-0.034902
715,-0.036804,0.001903,-0.034902
716,-0.037218,0.002317,-0.034901
717,-0.037924,0.003024,-0.034900
718,-0.038942,0.004044,-0.034898
719,-0.040302,0.005407,-0.034896
720,-0.042041,0.007148,-0.034893
721,-0.044203,0.009312,-0.034890
722,-0.046833,0.011944,-0.034888
723,-0.049968,0.015079,-0.034889
724,-0.053610,0.018714,-0.034896
725,-0.057673,0.022756,-0.034917
726,-0.061871,0.026903,-0.034968
727,-0.065516,0.030443,-0.035073
728,-0.067221,0.031966,-0.035255
729,-0.064748,0.029281,-0.035467
730,-0.056056,0.020607,-0.035449
731,-0.043194,0.008333,-0.034862
732,-0.035732,0.001439,-0.034293
733,-0.041500,0.006752,-0.034748
734,-0.054293,0.018889,-0.035403
735,-0.063834,0.028345,-0.035488
736,-0.067067,0.031780,-0.035286
737,-0.065766,0.030672,-0.035094
738,-0.062255,0.027276,-0.034979
739,-0.058043,0.023121,-0.034922
740,-0.053898,0.019000,-0.034898
741,-0.050148,0.015259,-0.034889
742,-0.046900,0.012011,-0.034888
743,-0.044159,0.009269,-0.034890
744,-0.041894,0.007001,-0.034893
745,-0.040058,0.005163,-0.034895
746,-0.038608,0.003711,-0.034898
747,-0.037507,0.002607,-0.034900
748,-0.036724,0.001823,-0.034901
749,-0.036238,0.001336,-0.034902
750,-0.036036,0.001134,-0.034902
751,-0.036113,0.001211,-0.034902
752,-0.036471,0.001570,-0.034901
753,-0.037122,0.002222,-0.034900
754,-0.038083,0.003185,-0.034898
755,-0.039382,0.004486,-0.034896
756,-0.041054,0.006160,-0.034894
757,-0.043141,0.008250,-0.034891
758,-0.045689,0.010800,-0.034888
759,-0.048738,0.013850,-0.034888
760,-0.052301,0.017408,-0.034893
761,-0.056316,0.021406,-0.034911
762,-0.060551,0.025598,-0.034954
763,-0.064423,0.029378,-0.035046
764,-0.066711,0.031499,-0.035212
765,-0.065325,0.029894,-0.035431
766,-0.057963,0.022467,-0.035496
767,-0.045381,0.010358,-0.035024
768,-0.035820,0.001484,-0.034336
769,-0.038935,0.004346,-0.034589
770,-0.051306,0.015992,-0.035315
771,-0.062049,0.026538,-0.035511
772,-0.066509,0.031176,-0.035333
773,-0.065924,0.030796,-0.035128
774,-0.062704,0.027707,-0.034997
775,-0.058546,0.023615,-0.034930
776,-0.054345,0.019444,-0.034901
777,-0.050498,0.015608,-0.034890
778,-0.047145,0.012257,-0.034888
779,-0.044305,0.009416,-0.034889
780,-0.041950,0.007058,-0.034892
781,-0.040036,0.005141,-0.034895
782,-0.038518,0.003621,-0.034897
783,-0.037357,0.002458,-0.034899
784,-0.036522,0.001621,-0.034901
785,-0.035989,0.001088,-0.034902
786,-0.035745,0.000843,-0.034902
787,-0.035781,0.000879,-0.034902
788,-0.036100,0.001199,-0.034901
789,-0.036711,0.001811,-0.034900
790,-0.037631,0.002733,-0.034899
791,-0.038886,0.003990,-0.034896
792,-0.040510,0.005616,-0.034894
793,-0.042544,0.007653,-0.034891
794,-0.045034,0.010145,-0.034889
795,-0.048022,0.013134,-0.034888
796,-0.051525,0.016633,-0.034892
797,-0.055497,0.020590,-0.034907
798,-0.059737,0.024792,-0.034946
799,-0.063724,0.028695,-0.035029
800,-0.066342,0.031157,-0.035185
801,-0.065613,0.030209,-0.035403
802,-0.059141,0.023629,-0.035512
803,-0.046958,0.011834,-0.035124
804,-0.036268,0.001876,-0.034392
805,-0.037512,0.003018,-0.034495
806,-0.049314,0.014074,-0.035240
807,-0.060754,0.025236,-0.035517
808,-0.066068,0.030703,-0.035364
809,-0.066014,0.030862,-0.035152
810,-0.063026,0.028016,-0.035010
811,-0.058924,0.023987,-0.034936
812,-0.054695,0.019792,-0.034903
813,-0.050787,0.015896,-0.034891
814,-0.047363,0.012476,-0.034888
815,-0.044456,0.009567,-0.034889
816,-0.042039,0.007148,-0.034892
817,-0.040071,0.005176,-0.034894
818,-0.038505,0.003608,-0.034897
819,-0.037302,0.002403,-0.034899
820,-0.036429,0.001529,-0.034900
821,-0.035862,0.000961,-0.034901
822,-0.035586,0.000684,-0.034902
823,-0.035593,0.000691,-0.034902
824,-0.035882,0.000981,-0.034901
825,-0.036463,0.001563,-0.034900
826,-0.037352,0.002453,-0.034899
827,-0.038574,0.003677,-0.034897
828,-0.040161,0.005267,-0.034894
829,-0.042154,0.007263,-0.034891
830,-0.044600,0.009711,-0.034889
831,-0.047540,0.012652,-0.034888
832,-0.050997,0.016105,-0.034891
833,-0.054932,0.020027,-0.034905
834,-0.059167,0.024227,-0.034940
835,-0.063224,0.028206,-0.035018
836,-0.066059,0.030894,-0.035166
837,-0.065783,0.030401,-0.035382
838,-0.059966,0.024449,-0.035517
839,-0.048169,0.012976,-0.035192
840,-0.036790,0.002343,-0.034446
841,-0.036623,0.002191,-0.034433
842,-0.047851,0.012674,-0.035177
843,-0.059740,0.024223,-0.035517
844,-0.065701,0.030314,-0.035387
845,-0.066073,0.030902,-0.035170
846,-0.063278,0.028258,-0.035021
847,-0.059229,0.024288,-0.034941
848,-0.054984,0.020079,-0.034905
849,-0.051033,0.016141,-0.034891
850,-0.047557,0.012669,-0.034888
851,-0.044599,0.009710,-0.034889
852,-0.042136,0.007244,-0.034891
853,-0.040126,0.005232,-0.034894
854,-0.038523,0.003627,-0.034897
855,-0.037288,0.002389,-0.034899
856,-0.036386,0.001485,-0.034900
857,-0.035792,0.000891,-0.034901
858,-0.035491,0.000589,-0.034902
859,-0.035474,0.000572,-0.034902
860,-0.035740,0.000838,-0.034901
861,-0.036297,0.001396,-0.034900
862,-0.037160,0.002261,-0.034899
863,-0.038355,0.003458,-0.034897
864,-0.039912,0.005018,-0.034894
865,-0.041873,0.006982,-0.034892
866,-0.044283,0.009394,-0.034889
867,-0.047184,0.012296,-0.034888
868,-0.050602,0.015711,-0.034891
869,-0.054506,0.019603,-0.034903
870,-0.058733,0.023797,-0.034936
871,-0.062836,0.027827,-0.035010
872,-0.065830,0.030679,-0.035151
873,-0.065896,0.030532,-0.035364
874,-0.060595,0.025077,-0.035518
875,-0.049154,0.013911,-0.035243
876,-0.037316,0.002820,-0.034496
877,-0.036022,0.001632,-0.034390
878,-0.046699,0.011576,-0.035123
879,-0.058898,0.023386,-0.035513
880,-0.065383,0.029979,-0.035405
881,-0.066113,0.030928,-0.035186
882,-0.063488,0.028458,-0.035030
883,-0.059489,0.024543,-0.034946
884,-0.055235,0.020328,-0.034907
885,-0.051250,0.016357,-0.034892
886,-0.047733,0.012845,-0.034888
887,-0.044734,0.009845,-0.034889
888,-0.042233,0.007342,-0.034891
889,-0.040189,0.005295,-0.034894
890,-0.038556,0.003660,-0.034896
891,-0.037294,0.002395,-0.034899
892,-0.036368,0.001468,-0.034900
893,-0.035752,0.000851,-0.034901
894,-0.035430,0.000529,-0.034902
895,-0.035393,0.000491,-0.034902
896,-0.035639,0.000738,-0.034901
897,-0.036176,0.001276,-0.034900
898,-0.037018,0.002119,-0.034899
899,-0.038190,0.003293,-0.034897
900,-0.039722,0.004828,-0.034895
901,-0.041656,0.006764,-0.034892
902,-0.044034,0.009145,-0.034889
903,-0.046903,0.012015,-0.034888
904,-0.050287,0.015397,-0.034890
905,-0.054163,0.019262,-0.034902
906,-0.058380,0.023447,-0.034933
907,-0.062517,0.027514,-0.035003
908,-0.065635,0.030496,-0.035139
909,-0.065976,0.030627,-0.035349
910,-0.061104,0.025588,-0.035516
911,-0.049992,0.014711,-0.035282
912,-0.037831,0.003289,-0.034542
913,-0.035594,0.001235,-0.034359
914,-0.045744,0.010670,-0.035074
915,-0.058168,0.022661,-0.035507
916,-0.065096,0.029678,-0.035419
917,-0.066143,0.030944,-0.035199
918,-0.063670,0.028632,-0.035038
919,-0.059718,0.024769,-0.034950
920,-0.055460,0.020551,-0.034909
921,-0.051447,0.016554,-0.034893
922,-0.047896,0.013008,-0.034888
923,-0.044862,0.009973,-0.034889
924,-0.042328,0.007438,-0.034891
925,-0.040256,0.005362,-0.034894
926,-0.038597,0.003701,-0.034896
927,-0.037312,0.002413,-0.034898
928,-0.036365,0.001465,-0.034900
929,-0.035730,0.000829,-0.034901
930,-0.035390,0.000489,-0.034902
931,-0.035336,0.000434,-0.034902
932,-0.035565,0.000663,-0.034901
933,-0.036084,0.001183,-0.034901
934,-0.036907,0.002008,-0.034899
935,-0.038059,0.003162,-0.034897
936,-0.039569,0.004675,-0.034895
937,-0.041478,0.006586,-0.034892
938,-0.043830,0.008940,-0.034889
939,-0.046669,0.011781,-0.034888
940,-0.050024,0.015134,-0.034890
941,-0.053874,0.018974,-0.034901
942,-0.058080,0.023150,-0.034930
943,-0.062243,0.027246,-0.034997
944,-0.065463,0.030334,-0.035129
945,-0.066035,0.030699,-0.035335
946,-0.061534,0.026020,-0.035513
947,-0.050731,0.015417,-0.035314
948,-0.038333,0.003749,-0.034584
949,-0.035279,0.000944,-0.034336
950,-0.044920,0.009891,-0.035030
951,-0.057511,0.022012,-0.035499
952,-0.064830,0.029399,-0.035431
953,-0.066163,0.030952,-0.035211
954,-0.063833,0.028787,-0.035045
955,-0.059927,0.024974,-0.034953
956,-0.055666,0.020756,-0.034910
957,-0.051630,0.016737,-0.034893
958,-0.048049,0.013161,-0.034888
959,-0.044984,0.010096,-0.034888
960,-0.042423,0.007532,-0.034891
961,-0.040324,0.005431,-0.034894
962,-0.038643,0.003747,-0.034896
963,-0.037337,0.002439,-0.034898
964,-0.036371,0.001472,-0.034900
965,-0.035720,0.000819,-0.034901
966,-0.035364,0.000462,-0.034902
967,-0.035293,0.000391,-0.034902
968,-0.035507,0.000605,-0.034901
969,-0.036010,0.001109,-0.034901
970,-0.036817,0.001918,-0.034899
971,-0.037950,0.003053,-0.034897
972,-0.039441,0.004546,-0.034895
973,-0.041327,0.006435,-0.034892
974,-0.043655,0.008765,-0.034889
975,-0.046467,0.011579,-0.034888
976,-0.049795,0.014905,-0.034890
977,-0.053622,0.018722,-0.034900
978,-0.057817,0.022889,-0.034928
979,-0.062000,0.027008,-0.034992
980,-0.065306,0.030187,-0.035120
981,-0.066078,0.030755,-0.035323
982,-0.061908,0.026398,-0.035509
983,-0.051397,0.016056,-0.035341
984,-0.038824,0.004200,-0.034624
985,-0.035044,0.000726,-0.034318
986,-0.044190,0.009202,-0.034989
987,-0.056905,0.021415,-0.035491
988,-0.064576,0.029134,-0.035442
989,-0.066177,0.030955,-0.035222
990,-0.063981,0.028929,-0.035052
991,-0.060122,0.025165,-0.034957
992,-0.055860,0.020948,-0.034912
993,-0.051804,0.016910,-0.034894
994,-0.048196,0.013308,-0.034888
995,-0.045103,0.010215,-0.034888
996,-0.042516,0.007625,-0.034891
997,-0.040394,0.005500,-0.034893
998,-0.038691,0.003795,-0.034896
999,-0.037367,0.002469,-0.034898
